,dataset_name,attr_conc.mean,attr_conc.sd,attr_ent.mean,attr_ent.sd,attr_to_inst,best_node.mean,best_node.sd,can_cor.mean,can_cor.sd,cat_to_num,class_conc.mean,class_conc.sd,class_ent,cor.mean,cor.sd,cov.mean,cov.sd,eigenvalues.mean,eigenvalues.sd,elite_nn.mean,elite_nn.sd,eq_num_attr,freq_class.mean,freq_class.sd,g_mean.mean,g_mean.sd,gravity,h_mean.mean,h_mean.sd,inst_to_attr,iq_range.mean,iq_range.sd,joint_ent.mean,joint_ent.sd,kurtosis.mean,kurtosis.sd,leaves,leaves_branch.mean,leaves_branch.sd,leaves_corrob.mean,leaves_corrob.sd,leaves_homo.mean,leaves_homo.sd,leaves_per_class.mean,leaves_per_class.sd,lh_trace,linear_discr.mean,linear_discr.sd,mad.mean,mad.sd,max.mean,max.sd,mean.mean,mean.sd,median.mean,median.sd,min.mean,min.sd,mut_inf.mean,mut_inf.sd,naive_bayes.mean,naive_bayes.sd,nodes,nodes_per_attr,nodes_per_inst,nodes_per_level.mean,nodes_per_level.sd,nodes_repeated.mean,nodes_repeated.sd,nr_attr,nr_bin,nr_cat,nr_class,nr_cor_attr,nr_disc,nr_inst,nr_norm,nr_num,nr_outliers,ns_ratio,num_to_cat,one_nn.mean,one_nn.sd,p_trace,random_node.mean,random_node.sd,range.mean,range.sd,roy_root,sd.mean,sd.sd,sd_ratio,skewness.mean,skewness.sd,sparsity.mean,sparsity.sd,t_mean.mean,t_mean.sd,tree_depth.mean,tree_depth.sd,tree_imbalance.mean,tree_imbalance.sd,tree_shape.mean,tree_shape.sd,var.mean,var.sd,var_importance.mean,var_importance.sd,w_lambda,worst_node.mean,worst_node.sd
3,kr-vs-kp,0.017400355891489524,0.04503764365184088,0.5901482912442314,0.33852165095203474,0.011264080100125156,0.4896346003134796,0.12722622572516934,0.799822705868879,,,0.023127951520620096,0.04485412097189406,0.9985755386554581,0.08564411274580874,0.10816677753366805,0.011233690969387276,0.018813149073071057,0.13036745235555647,0.15958667650791936,0.5222159090909091,0.0010062855633715772,52.14062365247289,0.5,0.03141713483369518,,,0.7648853371943694,0.0,0.0,88.77777777777777,0.34210526315789475,0.48078290821993186,1.5695722458045096,0.33197226358857373,105.21100910497158,517.117323381997,57,9.140350877192983,3.136413992417068,0.017543859649122806,0.04135246846928462,18342.62897102897,45953.416511123316,0.5,0.11164843913471806,1.7755909268749044,0.8901293103448277,0.0748420489267111,0.0,0.0,1.0,0.0,0.2686581911600026,0.2606573616055755,0.18421052631578946,0.3928594520631916,0.0,0.0,0.01915158409517985,0.039187079604421124,0.6117995689655171,0.09875902063785946,56,1.4736842105263157,0.017521902377972465,3.5,2.422120283277993,1.6470588235294117,0.8486121625899217,36,35,36,2,0.01422475106685633,1,3196,0.0,0,25,29.814594151131466,0.0,0.768487460815047,0.08061087578193946,0.6397163608234154,0.5541565438871474,0.03526802898907188,1.0,0.0,1.7755909268749044,0.3320086451196437,0.14381228878554012,,4.108820349082991,9.629958902688383,0.4952124268243203,0.027786471917927325,0.2248092859886944,0.33379824754058646,8.230088495575222,3.3058628913468753,0.05483274829079429,0.09255899939640364,0.052245558353892545,0.0938697374737551,0.13036745235555558,0.08510043516743938,0.02631578947368421,0.06340490499855019,0.3602836391765846,0.5115909090909091,0.020643704791140007
6,letter,0.029684609599733822,0.04471250441761327,2.974428183442268,0.2553794347937495,0.0008,0.0718,0.0015846485765339596,0.46783509838487336,0.2779188010520901,0.0,0.09957661787136562,0.07452333278406463,4.699810726573159,0.18289592284889153,0.20883400417882106,0.9493679248545761,1.1508098987470188,5.344023546021051,6.297241336632574,0.10555,0.01089457051318071,9.49101886761155,0.03846153846153846,0.0011587327295202881,,,4.932417448237124,0.0,0.0,1250.0,2.625,0.7187952884282609,7.17905385221184,0.4191419398205274,0.6968937761577465,0.6926791152022074,2237,16.113097898971837,4.073584471132598,0.0004470272686633885,0.0018688061359020756,184913671.57212076,915031931.9104775,0.038461538461538464,0.009494236837743596,11.901269185025052,0.7016499999999999,0.013705331484904387,2.038575,0.7413,15.0,0.0,5.925465625,1.821919546588044,5.75,1.9148542155126762,0.0,0.0,0.4951850578035869,0.3199190034558556,0.6417999999999999,0.010462100914995802,2236,139.75,0.1118,79.85714285714286,73.73310944597026,139.75,35.7425983013733,16,0,0,26,0.125,16,20000,0.0,16,15,5.006700195348105,,0.9602499999999999,0.00510582456068012,4.660497768166015,0.0491,0.0013291601358251253,15.0,0.0,3.7301543045197,2.2737711454464016,0.43079872999677876,1.842830622222104,0.29025349099817976,0.47008955142812014,0.06245312265613281,0.0,5.841932291666668,1.917117566097495,15.116923764811089,4.304536673434622,0.0367983969981252,0.05251539277272884,0.0032792374904687563,0.013873533754168704,5.344023546021051,2.054561793859141,0.0625,0.04125624992714872,0.0009799904126736624,0.0512,0.002879043050891891
11,balance-scale,-6.250002346150688e-08,0.0,2.3219280948873626,0.0,0.0064,0.44631336405529953,0.10905797510939964,0.42392735119707764,0.5638095238095235,0.0,0.0437559133543309,0.0,1.318116246441582,0.0,0.0,0.0,0.0,2.003205128205128,0.0,0.4592165898617512,0.05135538793044388,9.73829735250785,0.3333333333333333,0.2207787429381129,2.6051710846973517,0.0,1.2190676701606842,2.1897810218978107,2.5639502485114184e-16,156.25,2.0,0.0,3.5046904700382786,0.0,-1.3054356480000002,0.0,161,8.111801242236025,1.4534174762429573,0.006211180124223602,0.014286641460595365,7467.009523809525,5244.848072517294,0.3333333333333333,0.025859204962312192,2.0934748087709445,0.854531490015361,0.058575718381658655,1.4826,0.0,5.0,0.0,3.0,0.0,3.0,0.0,1.0,0.0,0.13535387129066612,0.0,0.8415770609318995,0.09569404049394797,160,40.0,0.256,16.0,11.944315244779277,40.0,4.08248290463863,4,0,0,3,0.0,2,625,0.0,4,0,16.15450081144063,,0.7026881720430107,0.06445277676742173,0.6773099773242625,0.6351510496671787,0.042495369638544285,4.0,0.0,2.092836646677773,1.4153462926807447,0.0,1.3063253678127449,0.0,0.0,0.1987179487179487,0.0,3.0,0.0,7.140186915887851,1.964283893675573,0.1250145716296406,0.07488376985306455,0.04068808229813665,0.03823166482879946,2.003205128205128,0.0,0.24999999999999997,0.016518728515355408,0.32312157383786905,0.6274193548387097,0.10023665783517766
12,mfeat-factors,0.032700481698539036,0.02351063779770418,3.524252637219526,0.12456779410459584,0.108,0.191,0.005163977794943227,0.927063801426353,0.0481679084994978,0.0,0.0874993677750014,0.02844954552737273,3.321928094887362,0.24962607000660886,0.1968692547389678,724.1860985179496,1725.1678665991856,4581.543057130416,28058.77938292361,0.21350000000000002,0.019585992727230116,5.317720790061521,0.1,0.0,308.9061670678106,348.44912811285946,1207.0819047396908,304.2240827859103,345.87727104376927,9.25925925925926,69.26041666666667,66.23977021722096,6.2214905262773845,0.18509946271053285,-0.3200812124026754,0.5393288166895035,119,10.15126050420168,3.29519078293947,0.008403361344537815,0.02180968115299814,62038.421374703714,137567.7480881624,0.1,0.03746596768262791,89.28822582027873,0.9809999999999999,0.008432740427115686,49.47147916666666,47.52937216736205,474.6111111111111,480.6303193473847,318.27038888888893,346.74519592263925,318.1134259259259,348.94240193106043,188.0601851851852,237.6882090743855,0.6246902058295036,0.17937539038744496,0.9245000000000001,0.015356865999719246,118,0.5462962962962963,0.059,6.9411764705882355,4.943058115115759,1.4216867469879517,0.6461986768356671,216,0,0,10,0.11119724375538328,9,2000,1.0,216,131,4.641600595514056,,0.9475,0.01874536979866997,7.753586806509452,0.1825,0.007905694150420948,286.5509259259259,267.6121754783495,24.89475597202957,49.581313183956304,46.185625019164064,,0.02751918990868509,0.4249703134101653,0.018878346760377675,0.018914304438202193,317.9185185185185,348.0111192226217,9.19831223628692,3.512495445979625,0.057947590253348696,0.08405823074758537,0.04030666832162553,0.07319700748327695,4581.543057130418,5584.125415981536,0.004629629629629629,0.01532656310714171,3.2064386956221883e-09,0.1945,0.005502524673073063
14,mfeat-fourier,0.011297750595161745,0.00844042267167186,3.584956441221679,1.4726575779465782e-06,0.038,0.191,0.008096638534327412,0.7214369787874415,0.23007354764938845,0.0,0.038622349089140175,0.034718768067232376,3.321928094887362,0.14589066038128862,0.10352045337399217,0.0007167773171461904,0.0009834523779476115,0.0055202826849699675,0.012127960943888266,0.229,0.03935592571505451,11.401216482645072,0.1,0.0,0.11176989956186348,0.05890530497567272,0.797043009074108,0.08415997438098963,0.04566589766420451,26.31578947368421,0.0959872591118421,0.053104807527475296,6.6155184261905084,0.230406794841845,0.11259554101330853,0.6362908601643319,235,11.182978723404256,3.420108906956445,0.004255319148936169,0.012467424365268537,327767.44795294135,825643.5821196005,0.1,0.051700133244276865,30.989930256418454,0.806,0.023897931105246528,0.06997288616407896,0.03795016888764272,0.3819513794736842,0.14996471638605519,0.13203208401769737,0.06846331864492629,0.1262276590789474,0.0698719976883466,0.003192156710526316,0.002479226632292895,0.2913661099185337,0.23040676021179654,0.766,0.026012817353502252,234,3.0789473684210527,0.117,12.31578947368421,8.413300525417725,3.342857142857143,2.3767333219450375,76,0,0,10,0.00631578947368421,9,2000,0.0,76,69,11.303958213342096,,0.827,0.021239376429431963,5.1077125278813655,0.1275,0.010606601717798213,0.37875922276315793,0.14835346525342397,16.40390119780509,0.0671079516668835,0.03209926657758911,2.100858788656289,0.5438839049092433,0.2488123124334294,1.6084735963029035e-06,5.295566083550239e-07,0.12739265661875,0.06888200686591843,10.208955223880597,3.6583595840596934,0.051775901340602636,0.07519290173266958,0.023345606377784243,0.049591520340347896,0.005520282684969967,0.0058788737976118435,0.013157894736842108,0.027529769118085502,5.040807615360068e-05,0.132,0.014944341180973262
15,breast-w,0.20289672936525172,0.09581705165943688,1.8482951015043296,0.5849453344491474,0.012875536480686695,0.9099378881987578,0.04512887687921075,0.9147446319818553,,0.0,0.2489555074599918,0.10162204904043672,0.9293179372497983,0.6006207595997346,0.1321740523356073,4.663627473274869,1.8421929463740103,7.812611778573544,15.295134162318535,0.8369979296066251,0.07491741623148297,1.8825571318517653,0.5,0.21951669744990102,2.2423133533591466,0.6302934876316029,13.257350956350372,1.7386884035824233,0.48164671659095404,77.66666666666667,3.0,1.3228756555322954,2.2839664335455625,0.5278044653068655,1.6558852386579168,4.1624783626967075,33,5.9393939393939394,1.638203931509176,0.0303030303030303,0.10342408603880533,483.0095238095238,360.6400508242303,0.5,0.1499923475244192,5.125864777029406,0.9571428571428571,0.04151332327181595,0.4942,1.0483565137871753,10.0,0.0,3.135704100282237,0.7487551245683272,1.6666666666666667,1.1180339887498947,1.0,0.0,0.49364660520856574,0.13706370340193694,0.9585300207039337,0.028906206220533897,32,3.5555555555555554,0.045779685264663805,4.0,1.8516401995451028,4.0,1.6035674514745464,9,0,0,2,0.75,1,699,0.0,9,5,2.7441665393878782,,0.9499585921325051,0.041077825484426296,0.8367577417396199,0.8955486542443063,0.041588202893823,9.0,0.0,5.125864777029406,2.746413265542141,0.5509575279512553,1.4481782824565717,1.4724234749337646,0.841281453225147,0.09893539019613519,0.005077371625575981,2.2329676682173525,0.8563710834444351,5.046153846153846,1.9877025779682278,0.13833794205751324,0.11078048708685809,0.12878787878787878,0.10722854072559738,7.812611778573544,2.915764600555423,0.1111111111111111,0.23488665521594382,0.16324225826038008,0.8196894409937888,0.07118785014142946
16,mfeat-karhunen,0.008142328419454482,0.0024740358778204386,3.5849565906921574,1.0831206646577665e-06,0.032,0.188,0.0075277265270908165,0.8098470653325872,0.1144680136169812,0.0,0.036046468144852184,0.02517886417733165,3.321928094887362,0.1072004660490464,0.08336768154338596,0.5524602893457023,0.9243396345741862,6.491588677205074,13.013808957019451,0.2795,0.02629427483101385,12.06035335179629,0.1,0.0,,,18.49833337249563,,,31.25,2.9604338379296875,2.05382807546251,6.631442665102352,0.1808659862193914,-0.0514900121007718,0.25343786689836234,186,9.172043010752688,2.2135877978251997,0.005376344086021506,0.015170767750170507,26000.337262737263,38869.72120967641,0.1,0.022412183800521117,29.175618867668103,0.951,0.011972189997378636,2.182102207215,1.4923378033998846,6.893724891875,3.9036383210531334,0.05308473924664062,0.7394593795167501,0.04568855382812502,0.7425866299063965,-6.7565145228125,3.3739291081874154,0.27544202047716854,0.18086576650133496,0.9390000000000001,0.021959558789334102,185,2.890625,0.0925,13.214285714285714,10.482062124106418,3.245614035087719,2.44424032716555,64,0,0,10,0.000496031746031746,9,2000,28.0,64,61,12.015285701439717,,0.974,0.011972189997378658,6.007493832181572,0.14650000000000002,0.01055409346599171,13.6502394146875,7.023282595502795,10.861036795391486,2.1526628287026788,1.3737240029177478,1.9060359245845857,-0.00427923625665644,0.1644583897068151,1.517067369877409e-06,5.363521576058539e-08,0.0462514596875,0.7426381825565573,8.199460916442048,2.573902228441565,0.07865150157433103,0.089568976398875,0.033042989751344086,0.04568686784475754,6.491588677205074,9.75555816406087,0.015625,0.02990488066832916,1.2563704282949622e-05,0.1365,0.013343745934165397
18,mfeat-morphological,0.24982278901589208,0.2026091096762923,2.6010475566519244,1.1132058016888198,0.003,0.198,0.004830458915396484,0.6018713397624923,0.3431770426417811,0.0,0.4526141720697969,0.32442236417451015,3.321928094887362,0.5727573352912986,0.32130961022416693,6498.553949737279,23504.324454505186,2353407.43487324,5764630.132249049,0.306,0.05919834832530756,2.6815162440882383,0.1,0.0,860.9859275544521,2033.4180227197583,2168.300552755149,695.1521016090242,1628.2990501698819,333.3333333333333,1006.6428627587501,2443.6534248376815,4.684151123733051,1.0208476961344437,-0.540357257851879,0.412796555442899,514,16.147859922178988,7.262921220205081,0.0019455252918287938,0.006726337444370334,14608829574.703682,95672743243.36325,0.1,0.08586408359038221,44.991327575537575,0.7389999999999999,0.018973665961010293,708.3668575965311,1721.292533755333,2969.839272355,7154.2448875066675,1052.6997316402774,2500.4761690402534,901.6869907466667,2133.7224857773595,256.69782190666666,580.8272604590048,1.2388245278062355,0.2767973267980225,0.6944999999999999,0.026920665337658745,513,85.5,0.2565,14.25,12.842730016850556,85.5,88.70794778372455,6,0,0,10,0.7333333333333333,6,2000,0.0,6,1,1.0996093460128469,,0.445,0.02943920288775948,2.7623470707467788,0.19850000000000004,0.002415229457698242,2713.141450448333,6574.397169899063,39.95986418375517,630.9070825140196,1531.8082209363765,,0.5307700993518086,0.36634179516513604,0.1069700579873133,0.13428191820603494,960.9828335317335,2278.1421325409597,15.164556962025317,7.380047245276442,0.026830671657014752,0.049734491980598136,0.009833157378142873,0.03615243898808515,2353407.4348732415,5764339.809215965,0.1666666666666667,0.0747838982644725,0.0015175958808920792,0.1975,0.0048591265790377544
22,mfeat-zernike,0.028000358659301422,0.060873738429306545,3.584956726082243,1.795561255245292e-15,0.0235,0.185,0.007817359599705717,0.7160985586972515,0.25578564820359856,0.0,0.05397938200340831,0.02411376993342046,3.321928094887362,0.2577673468649649,0.21297227886581258,386.5446035561373,828.0089360777957,2910.4386186554443,7370.016572640172,0.1835,0.018863545089227877,8.330996171658219,0.1,0.0,76.10954922235662,100.61616211231592,532.6752210221024,59.27453675011991,97.41204915429475,42.5531914893617,56.50728719276595,51.86985380620136,6.508141618303341,0.17153442572347957,0.7268303504961955,1.4168759180277448,341,15.419354838709678,9.08732670488776,0.002932551319648094,0.009617378369749074,17872622714884.26,165380746182682.22,0.1,0.07079343288007037,20.23785046785171,0.8140000000000001,0.03264284845958689,40.98755702567891,37.670969851165694,221.22523790510638,207.45851057764443,88.63642941472713,105.16803471792882,83.48502914585106,103.68203413984314,13.034599618723405,49.82700295491813,0.3987432026662615,0.17153442572347957,0.7265,0.018416478128748373,340,7.23404255319149,0.17,7.083333333333333,8.826539606121967,7.23404255319149,3.3310969988190324,47,0,0,10,0.1267345050878816,9,2000,0.0,47,40,7.990640347248165,,0.7995,0.022167293224227624,5.138584694530008,0.164,0.013703203194062978,208.190638286383,186.03906133132602,7.218153668562916,40.125452921755205,36.45073279651477,,0.7896442267750822,0.48693065342941755,1.591106059069886e-06,2.895691464151629e-07,84.67692958992872,104.00831986604496,14.443465491923641,9.175260328206038,0.020437125689220795,0.04859659407414039,0.016257052338381497,0.04249272001857024,2910.4386186554443,3886.029216633387,0.021276595744680847,0.026956322953340627,0.00011890896299392102,0.15899999999999997,0.0196920739836559
23,cmc,0.031597799723869564,0.04344457057185395,1.6288736914132544,0.9841619176711811,0.006109979633401222,0.4270224305938591,0.00229587120626198,0.34056342885397906,0.08953992512017449,3.5,0.01831908469763409,0.009382836110252209,1.5390345832497476,0.13204811926842985,0.13243790825300988,0.12397479426011873,0.8498749068293734,4.217672277730224,16.300750968539845,0.4209229637801066,0.012399624758834762,41.59348914497952,0.3333333333333333,0.10116094146234017,1.7496052232123938,7.4229463063973204,1.3830889587902224,1.692003461930713,7.17856273033393,163.66666666666666,1.3333333333333333,3.009787954227301,3.130906459838445,0.9628484619090976,3.2280596130265287,11.878388258526895,701,13.05848787446505,2.98007717952475,0.001426533523537803,0.0027671615938519613,2318923.5441037803,6322533.128920642,0.3333333333333333,0.04045759062559352,0.27817808675641914,0.5084896120610407,0.032475288887689226,0.6589333333333333,2.1707769538875734,4.5,11.653073313382132,2.281134494983782,7.586022729806465,2.111111111111111,7.498147919467995,0.8888888888888888,3.7712361663282534,0.037001814824556854,0.02553453511854273,0.42840136054421774,0.04020459013246756,700,38.888888888888886,0.47522063815342835,33.333333333333336,31.397982950077118,38.888888888888886,53.408403049893465,9,3,7,3,0.032679738562091505,2,1473,0.0,2,9,43.021454059389164,0.2857142857142857,0.45004596433167865,0.03965450632730475,0.239984296336085,0.4487819452105167,0.029300674581235732,3.611111111111111,8.13951067245004,0.1949104610403408,0.9406304024120844,1.8785470140539846,,1.189155803760808,1.9601035318710698,0.28796977124183004,0.179168581406258,2.1715003138731954,7.465282982865377,12.068522483940043,3.277348867774265,0.045880759246675853,0.05507983389611175,0.007755147577522484,0.03016848888112364,4.21767227773022,15.890929148350576,0.05555555555555555,0.07937837698423067,0.7725540482964423,0.4270224305938591,0.00229587120626198
28,optdigits,0.09283748477077941,0.18452609366750936,2.1819868595250167,1.390175512105232,0.011387900355871887,0.19466192170818503,0.0035784349060494322,0.7963519728380145,0.12539697646661463,0.0,0.11958092201096657,0.09112308094167103,3.3218327248667654,,,2.2359895100111027,3.5836040966434064,18.81369800483901,36.94660054320213,0.1713523131672598,0.026097945639954108,10.60647161861104,0.09999999999999999,0.0012126363167414508,,,37.19638178638707,0.0,0.0,87.8125,6.0,5.151667937637532,5.190630350090906,1.222647861123,162.9874542218424,478.7393314411742,366,10.863387978142077,2.9082638039163755,0.0027322404371584695,0.010549722692391881,331161.726328161,991765.4749012865,0.1,0.03972359802851433,24.92720613311539,0.9469750889679716,0.01161667204967508,3.6370031249999997,3.716414863901096,13.390625,5.016218734946214,4.911243327402135,4.2227784915451965,4.765625,5.070118459215346,0.0,0.0,0.3131892343008761,0.20501090406267905,0.7905693950177936,0.02315523330941611,365,5.703125,0.06494661921708185,19.210526315789473,16.39979318083826,6.886792452830188,3.6514505935128057,64,3,0,10,0.02827380952380952,9,5620,2.0,64,29,5.966991903140628,,0.9843416370106762,0.0054230744724377035,5.833383395442728,0.19786476868327402,0.001403577647235966,13.390625,5.016218734946214,6.699432313798011,3.6862924649286324,2.303884006747176,,5.278017490256569,11.161111914945508,0.12412652037062682,0.18835427932942186,4.778145388493476,4.756955274242546,9.879616963064295,3.2043220582647,0.057834584485218915,0.08323061134748622,0.018549695041010287,0.03127685267286507,18.81369800483901,14.952573922455107,0.015625,0.026028562442400278,2.357248282002324e-05,0.10142348754448398,1.4628472785736255e-17
29,credit-approval,0.03644151860313118,0.046920053063212695,1.8532189917384865,1.0332684550384905,0.021739130434782608,0.855072463768116,0.1843360775684919,0.7865321396785006,,1.5,0.06834054181527785,0.1364595735511228,0.9912308989033523,0.07338936160802914,0.13032851116199493,75.72622436299675,1962.3140181636327,631977.0055901413,4139513.5953938435,0.5521739130434782,0.2246714431020603,10.314507637554625,0.5,0.07788422517417042,0.6893251510089495,4.520207300996378,1840.5905822636973,0.6506950867035546,4.26689302912392,46.0,14.423372093023257,66.30099359550434,2.7483492396234293,1.0411191733905516,53.773632687831196,85.41521744918477,92,8.228260869565217,2.4678293209970708,0.010869565217391308,0.025707724656450458,8587.026307026306,11726.948195258607,0.5,0.01537188654753367,1.62214479297706,0.8521739130434781,0.18227354669847265,3.9623346976744185,22.61212430040663,2377.6918604651164,15244.761444688722,29.02173576261312,156.88559325566115,4.683139534883721,24.64697697157218,0.31976744186046513,2.0968553420733143,0.09610065101840909,0.11199071061064539,0.8057971014492754,0.06665966496873561,91,2.116279069767442,0.1318840579710145,7.0,4.396968652757639,3.5,4.50111097397076,15,3,9,2,0.024363233665559245,1,690,0.0,6,37,18.284146070805313,0.6666666666666666,0.6608695652173913,0.056832622878657944,0.6186328067472403,0.5521739130434782,0.012689783127114669,2377.3720930232557,15244.810926334205,1.62214479297706,125.96924804269757,794.2153424535429,,5.326706891315659,5.078245895039115,0.1922900910830751,0.1989067534114124,6.835395184627065,28.32217714620534,7.278688524590164,2.7623716570513785,0.0800924937260758,0.0827143106380905,0.057131559952445655,0.0692522292675291,631977.0055901431,4139493.587886461,0.023255813953488372,0.08021782161377906,0.38136719325275964,0.5550724637681159,0.007000665094777484
31,credit-g,0.018970996881930834,0.04242936634072437,1.6539835401904466,0.8348399686737193,0.02,0.7,0.0,0.5305177655284921,,1.8571428571428572,0.008086880779137728,0.012902492312581145,0.8812908992306927,0.06036152314504997,0.07807047665179573,23.01091711098854,621.9003183350388,162614.82668211064,1138270.8398705919,0.6100000000000001,0.04472135954999579,53.249240172485344,0.5,0.282842712474619,50.46030328077259,344.6026043721546,952.6891996087952,38.0356474783544,258.35848281981987,50.0,54.11734693877551,372.2686890247839,2.518724139428576,0.8284519092749073,10.439848878906174,22.3500999816837,192,9.619791666666666,2.8718208388045334,0.005208333333333333,0.010950069130448702,74793.95917024153,191076.2355721587,0.5,0.014731391274719726,0.3916898571300839,0.7540000000000001,0.054201270997807596,33.66107142857143,232.39242263653415,380.14285714285717,2631.4355951964058,68.30179591836736,467.13362185705586,48.704081632653065,331.2001207472504,5.653061224489796,35.74070451437231,0.01655029999256343,0.02183121044585065,0.71,0.043716256828680015,191,3.8979591836734695,0.191,11.235294117647058,8.685688025170384,4.1521739130434785,5.715349279904453,20,3,13,2,0.006802721088435374,1,1000,0.0,7,34,98.93677099107768,0.5384615384615384,0.61,0.04055175020198813,0.28144909954134406,0.7,0.0,374.48979591836735,2595.7907363207664,0.3916898571300839,58.43456420447707,403.13384850828464,,2.0820779229909214,2.842685765675651,0.24926209865672716,0.14559959224408534,52.316088435374155,356.282562979881,8.647519582245431,3.1554055437547075,0.061700618703766606,0.0873413038086156,0.03224349021911621,0.04417719261132197,162614.8266821106,1138262.5109476277,0.02040816326530612,0.029942024489586178,0.718550900458656,0.7,0.0
32,pendigits,0.03709182486081604,0.03454010548890125,3.9133347730224415,0.42575158794558804,0.001455604075691412,0.20087410042187112,0.0062369250182915245,0.6743750924060116,0.21804784203429153,0.0,0.10799985054151078,0.05937544240581332,3.320771738890595,0.27119521248701656,0.20431555993895234,240.3058755452804,207.71931419234264,929.672676035524,1327.671697465995,0.25791819009016465,0.04714871030660047,4.579692444105344,0.1,0.004219831181359215,,,144.8126621658777,0.0,0.0,687.0,48.5625,19.28719350588191,6.508998487865513,0.544633774483296,-0.5018154618757731,1.1469822233810405,352,10.397727272727273,2.759246656868884,0.002840909090909091,0.011297613744325323,295527.4657965358,1057314.9531859476,0.1,0.034347727932738346,15.795135048838533,0.8761784266688725,0.02506119228406267,31.922231249999996,12.665803438535788,100.0,0.0,50.711045533115,16.762180915296888,49.84375,22.765265025179627,0.0,0.0,0.7251080240475225,0.24208528742544505,0.8559820497973364,0.01895591963947068,351,21.9375,0.03193231441048035,18.473684210526315,17.487673185712627,21.9375,4.479118216792229,16,0,0,10,0.125,9,10992,0.0,16,3,4.396899004341962,,0.9930856977417488,0.0021959415174063186,4.47339477864504,0.19332293820828855,0.0037497579667843325,100.0,0.0,6.706540742134634,29.774238237334707,6.785664373031173,,-0.03918538514845775,0.6761329705788064,0.009862085056310607,0.00014513108070225144,50.021452395391144,20.73912732295538,9.41394025604552,3.0709890074054425,0.05602891547311431,0.0700340868330223,0.019836263223127884,0.02981868060922645,929.6726760355245,392.62892713363277,0.0625,0.037267201790583966,0.0005760915840099434,0.20405749028042025,0.001869585739549239
37,diabetes,0.028840438796475666,0.03211053699372291,2.958105757854844,0.34168940624694744,0.010416666666666666,0.7175495557074505,0.04223791061255697,0.550684206829006,,0.0,0.01248981695807782,0.008523298017724572,0.9331343166407832,0.17165678897092662,0.13243386555206998,109.35023488509584,266.09287378284085,1893.05947169609,4682.59225194336,0.6368933697881066,0.06574655184260635,12.954877983803843,0.5,0.21360517348343622,3.9807001879224595,11.105207416322994,45.24310842710197,3.786169797298347,10.58269832128959,96.0,31.2728125,41.090233272933695,3.8192105024836493,0.3357632924270967,2.7345612250230227,2.913385829403486,128,8.4921875,2.1296411798981794,0.0078125,0.017544772328195894,12284.899633699633,22441.2487488118,0.5,0.011048543456039806,0.4352413964927283,0.7734962406015038,0.036540402856012844,15.6168744375,15.086466992445496,179.19,276.32481342486363,44.98579117838541,41.635276665409364,38.3590625,38.609856900646406,2.63475,7.420731803535283,0.07202957201197768,0.05160877219809383,0.7564935064935066,0.034824118651366746,127,15.875,0.16536458333333334,9.071428571428571,7.640623068776583,15.875,6.8334785118143575,8,0,0,2,0.03571428571428571,1,768,0.0,8,8,40.06793467220582,,0.6796650717703349,0.05890507604429617,0.3032530956508914,0.6510594668489406,0.003602503600100705,176.55525,277.4951336879622,0.4352413964927283,25.733742975451573,37.5055644506936,1.0325939949354754,0.5271805558363709,1.321603237158665,0.015922964296627953,0.018549250712783114,40.20920779220779,38.843545867894534,7.529411764705882,2.487392946111447,0.07805594790367255,0.09213916165967397,0.044289588928222656,0.057950004252250005,1893.0594716960932,4613.544969593338,0.125,0.10098293790642635,0.6967469043491086,0.6523581681476418,0.04689120316575314
44,spambase,0.04096790139082254,0.043050645983237344,1.1300979537647549,0.9933147378164653,0.01238861117148446,0.7720140526266152,0.055839021861601126,0.7482889655344737,,0.0,0.04775422066942499,0.04069657302270907,0.9673602371807668,0.060853842705061174,0.10267951019901933,40.02508021853806,1410.6090282787297,7134.779356552075,50011.95083201695,0.39013298123172685,0.025773315609616296,12.449912573695514,0.5,0.14984331920384353,1.9559089135609302,12.458804746744406,321.02410795999555,0.652951816463897,3.912052975033449,80.71929824561404,4.85180701754386,30.880655182167846,2.0197580278757323,0.9496613437367313,240.8006984306971,296.788555243399,299,15.491638795986622,6.990100645690238,0.0033444816053511705,0.014343806998047827,1974289931.5058043,13476474848.016518,0.5,0.021284150604277338,1.2723986835711267,0.8832877487503537,0.01874694832058995,2.3560074631578947,15.229057799878484,483.9420701754385,2458.9307444585675,6.150770191072116,37.99691943622714,1.9994912280701755,12.697774612566127,0.05263157894736842,0.2252817784447915,0.07770016306978973,0.06953792203435827,0.8217730830896915,0.08133116403283386,298,5.228070175438597,0.06476852858074332,8.764705882352942,5.898427235311748,6.081632653061225,5.794525917816306,57,0,0,2,0.019423558897243107,1,4601,0.0,57,57,13.544344684961718,,0.7885324908044893,0.040054345064053386,0.5599363759406527,0.7341936244459115,0.03608211295465254,483.8894385964912,2458.745703144499,1.2723986835711267,15.193997694546765,83.82843257689868,2.821298402492117,11.179346104377071,6.954062957514436,0.00608379711806254,0.004603863990873242,2.5357078798045456,16.10753587969775,14.51926298157454,7.0998426671895665,0.02706662282008805,0.062220619560393424,0.01678943036265833,0.04840907553898481,7134.779356552071,48864.66371722257,0.017543859649122806,0.04914221594584376,0.4400636240593473,0.6203032160709233,0.039877966314535176
46,splice,0.0037104127057718947,0.003603854982597147,1.9780144516767606,0.05832941019488287,0.018808777429467086,0.6238244514106583,0.01386259055529948,0.8485399643036057,0.03089842993238813,,0.02814585489171818,0.05166710937859606,1.4801700696136335,0.05125855390049636,0.15351581041726237,0.003789581692821895,0.006968397439341437,0.14926023599623128,0.14298231251520488,0.24043887147335422,0.001514250443697964,26.3135748604443,0.3333333333333333,0.16062652283904474,,,1.672514235706137,0.0,0.0,53.166666666666664,0.42872807017543857,0.4951497399125505,3.4019333248085846,0.147403288795955,584.582792068545,1196.7196272753226,171,9.280701754385966,2.25248400893909,0.005847953216374268,0.020487033620239247,24648.104428904426,33022.35362095751,0.3333333333333333,0.08039606482378667,5.283752363868123,0.9473354231974923,0.01415873327979463,0.0,0.0,1.0,0.0,0.20301380410273334,0.1124330793888406,0.0043859649122807015,0.06622661785325219,0.0,0.0,0.056251196481808666,0.09226028001401441,0.7426332288401254,0.04505220752351825,170,0.7456140350877193,0.05329153605015674,12.142857142857142,9.355024506460873,1.7,0.8348471099367217,60,0,60,3,0.029291289898755696,2,3190,0.0,0,130,34.163953398154646,0.0,0.7294670846394984,0.04119339084030661,1.4409948550130154,0.5188087774294672,0.0016521826855634251,1.0,0.0,3.1250051497602884,0.34765549459012346,0.16888157127856346,,11.771153163122374,21.208780054038833,0.21114159785373332,0.023274285365476672,0.07648856990962255,0.0784477897269255,8.310850439882698,2.6014983541008654,0.07474797697374262,0.0709118241492331,0.033155296281067254,0.05361102986391343,0.14926023599623076,0.07809433578235928,0.004385964912280701,0.023798325625444334,0.07674686302626003,0.5188087774294672,0.0016521826855634251
50,tic-tac-toe,0.014676385455383714,0.015554753993249378,1.538036541386586,0.03121681989402669,0.009394572025052192,0.6994627192982457,0.08369848645834484,0.9660246487156864,,,0.015851264089481877,0.02345203310885637,0.9309539862507962,0.12592333305317824,0.14112888272999816,0.029371076266263986,0.03297936209947896,0.2317602748305702,0.1929919958214162,0.6534429824561404,0.004274034729253482,49.45065367023513,0.5,0.21700354245182146,,,0.6211205309456387,0.0,0.0,106.44444444444444,0.9473684210526315,0.22941573387056174,2.4501646089253883,0.055302885293648796,-1.653716548398157,0.41590768031383196,66,7.0,1.4884168150705015,0.015151515151515152,0.03200055344330305,1593.0920634920635,1027.5908735804258,0.5,0.02142747821777415,13.970871607680985,0.9673684210526317,0.10319011312128396,0.0,0.0,1.0,0.0,0.3761674541259203,0.057636691355575274,0.0,0.0,0.0,0.0,0.018825918711993635,0.02584370860680613,0.6201535087719299,0.11409590333648412,65,3.4210526315789473,0.06784968684759916,7.222222222222222,5.142416206847171,3.823529411764706,1.6671567906786338,9,0,9,2,0.05263157894736842,1,958,0.0,0,1,80.69782122806745,0.0,0.9738815789473685,0.029649216524068395,0.9332036219262653,0.6534429824561404,0.004274034729253482,1.0,0.0,13.970871607680985,0.48104765952926715,0.019314729191969505,,0.5245405846645472,0.2773293225339279,0.3326367119470568,0.0,0.2940423976608187,0.09586102485875192,6.061068702290076,1.9325380887512817,0.12562491812850568,0.07020238918894811,0.07552083333333333,0.07889742350353904,0.23176027483056813,0.01763770645057986,0.05263157894736842,0.0344491045121416,0.06679637807373472,0.6274013157894738,0.08147090435085007
54,vehicle,0.09565514385048242,0.14872667808476267,3.0929297541798166,0.15781184371987997,0.02127659574468085,0.39718487394957985,0.022723098719688993,0.6738147443927073,0.27156173640598885,0.0,0.04526094413507489,0.026507950460239123,1.999066765534363,0.40705653491911936,0.34247694047500554,278.44615465072445,851.9534342935541,2025.5889786487994,8224.542093947208,0.3098459383753501,0.07074667185893133,7.738272393698143,0.25,0.010327298992971743,113.83867084854721,101.74809481733129,159.43085579722043,111.36287191706428,96.84180561070296,47.0,34.56944444444444,61.11337135600303,4.833661498170824,0.22519095621146806,5.0964765381202675,15.12629136474275,133,9.135338345864662,3.159358284686695,0.007518796992481203,0.016906203008090235,81711.36481818836,280497.8694200202,0.25,0.16950677169316533,4.621441494534755,0.7802521008403361,0.040877274921928074,21.168233333333333,31.898934062460086,198.88888888888889,227.40838850710563,117.63494877856581,106.38822560976683,111.55555555555556,92.85629138444632,78.38888888888889,63.11906478924796,0.2583350215433555,0.12855558816748988,0.4631932773109244,0.05913703453636317,132,7.333333333333333,0.15602836879432624,7.333333333333333,6.516946235415336,7.333333333333333,3.0097879542273014,18,0,0,4,0.39215686274509803,3,846,0.0,18,8,10.972553065789961,,0.6513445378151261,0.02943148450416694,1.5095704826427003,0.3251540616246499,0.03126246470141015,120.5,188.88192701510957,2.4358266721644215,22.770839172096302,39.94658309531972,,1.0378871009079125,1.6937191094945223,0.024529774191604656,0.018416543403109928,114.9032152230971,100.6629073063975,8.173584905660377,3.4056632282146926,0.062053238872012285,0.0853059237104521,0.043166597982994596,0.05563678796202072,2025.5889786487985,7298.497058744341,0.05555555555555555,0.05248479024392384,0.08339995989730385,0.3712044817927171,0.02847409318653945
151,electricity,0.06971522852425847,0.10766991807477709,4.26920122195504,0.937798842016324,0.00017655367231638418,0.7545432387613972,0.09600363695545121,0.46483126798116997,,0.14285714285714285,0.0031357383094528348,0.002875206030858112,0.9835093906057097,0.11833665333858748,0.12334533115105124,0.007225428428028947,0.008372202907776743,0.08045609796427733,0.06730917567079407,0.6491623946674698,0.07191719842955392,12.706494309433733,0.5,0.10670895501751436,,,0.16874585405119694,0.0,0.0,5664.0,0.13596964285714286,0.24963280435422922,5.175308508828997,0.8995284224339162,515.588890173162,1880.247270707617,3798,16.19536598209584,4.37325648140103,0.0002632964718272775,0.0010508008499277132,1039494804.696114,8409549213.652579,0.5,0.007074791386279283,0.27562101990406296,0.7120626797098268,0.055687160735766954,0.09705989160000002,0.18557454423142408,1.0,0.0,0.2435195902236619,0.18090337712784726,0.16356910714285713,0.22082352048605017,0.0,0.0,0.07740210373175227,0.08027516990393645,0.7286340757784512,0.076524175112324,3797,271.2142857142857,0.08379678672316385,122.48387096774194,118.91449896676238,271.2142857142857,245.9565873424472,8,0,1,2,0.02197802197802198,1,45312,3.0,7,12,54.15613938285901,7.0,0.6611898896744074,0.05188628360678955,0.21606810769298226,0.5754546253201687,0.00010084155749812242,1.0,0.0,0.27562101990406296,0.255174523050502,0.12853878507848057,,7.329229112531432,20.66354861511307,0.020771375668561014,0.04983672355354063,0.17175566935254996,0.23230254811670956,15.197630019749836,4.5920250879966416,0.03380162047391922,0.054121342843650645,0.002413707233822192,0.007086129415504912,0.08045609796425643,0.05318928861350618,0.07142857142857142,0.11682774006828404,0.7839318923070178,0.5754546253201687,0.00010084155749812242
182,satimage,0.09927753982760228,0.044328748107128196,4.08936983564161,0.06784721313661382,0.005598755832037325,0.4248833592534992,0.005327208949161274,0.6069285390337013,0.3886987319638662,0.0,0.09029382973843608,0.02375722740180403,2.4833618760456604,0.4957905897621941,0.3230389395268951,0.4958111163287574,0.3230559265899008,1.0000440197648086,3.5497905582667295,0.5010886469673406,0.0242688064591453,2.8062258776127322,0.16666666666666666,0.06781240913522704,,,4.388852950096111,,,178.61111111111111,1.4318091666666668,0.16515623546647323,5.687784460698954,0.1929911620835515,-0.1558149127988007,0.8449292386493931,505,11.986138613861387,3.68526209204953,0.0019801980198019802,0.009327697359564232,4380005.0089444695,27219482.01343266,0.16666666666666666,0.08612761205868956,15.60739045110576,0.839035769828927,0.010706001258716104,1.0300095808333332,0.13037893372596365,2.8229496111111114,0.6514745615362244,-0.0005560885260065678,0.00021451329192345215,-0.007711583333333332,0.0889284599440552,-2.595993833333333,0.2900237195340606,0.8849472509883154,0.14856322064016583,0.7961119751166408,0.01561160208617775,504,14.0,0.07838258164852255,21.0,18.67572244106375,14.0,3.286335345030997,36,0,0,6,0.4857142857142857,5,6430,0.0,36,9,3.6210323056821436,,0.9066874027993779,0.011451903594802755,2.4461580743891846,0.4236391912908243,0.012184132334202251,5.418943444444444,0.8313265408737135,7.139078684507061,1.0000219953862934,0.00017123945344463035,1.2863145944668442,0.04044135856068928,0.5655168143030828,0.013552850002041726,0.003797144677820704,0.01826032534128218,0.0748208170254773,10.999008919722497,3.926279870304719,0.04415031976013648,0.07146885004783238,0.014162062890458816,0.025207412390583637,1.000044019764808,0.0003424767285472785,0.027777777777777783,0.06458326531574267,0.005545676924250036,0.4082426127527216,0.015487163552399853
188,eucalyptus,0.16655012796174826,0.23484979796297373,2.6912910053081713,0.7751619522166644,0.025815217391304348,0.44559422436134766,0.03348177575674057,0.5358269678235734,0.275709694095187,0.35714285714285715,0.05895577077923302,0.03682866886601366,2.2620836204282746,0.08311680930959656,0.13318334448794963,16.44676922319694,477.0976568710267,32286.36473218723,260539.97074737115,0.5305072195483154,0.10817348494346263,8.001498558237142,0.19999999999999998,0.06526973669230479,,,405.9368054244164,,,38.73684210526316,15.599626436781609,113.9705477264167,4.670667129888738,0.6978348068294566,43.25967938909011,96.2370156888247,188,10.696808510638299,3.0988337336150007,0.005319148936170213,0.010564966687117643,139067.80895183244,353639.37712521217,0.2,0.05834114716253729,6.653368106080723,0.492428730099963,0.12246196334468949,10.684531333747724,79.1114374918354,570.5205747126437,4524.690337441413,62.82772182705754,324.3440199124933,62.15045668271246,326.1458909945439,33.36436781609195,230.03964118295795,0.28270749584770877,0.18212896668274875,0.306368011847464,0.1235266027266525,187,2.1494252873563218,0.25407608695652173,10.38888888888889,7.7924464850406405,4.348837209302325,4.903272575439662,19,1,5,5,0.02058273188986902,4,736,0.0,14,80,8.519701616818601,2.8,0.39285449833395036,0.10315501183266002,1.3764896640422035,0.29074416882636056,0.005835139075852084,537.1562068965517,4520.738360603108,5.996599124343824,27.89128895816776,178.53520087158796,,4.834131857121131,4.569916227346392,0.09061464701817167,0.11890588555817219,62.303351658263985,326.46547718717966,9.728,3.352808703640659,0.05462514165714165,0.07860149731929633,0.026463812970100566,0.056156098259467886,32286.36473218722,260501.92895303905,0.011494252873563216,0.036399047085975966,0.0798550419774203,0.2962236208811551,0.01723006114037984
38,sick,0.03630560424611517,0.10063115772627693,1.0812421225860545,1.4690741258500617,0.007423117709437964,0.9655361879499811,0.008658889010193013,0.4752102904518201,,3.6666666666666665,0.02370007279169666,0.09413022987365639,0.33235055553211046,0.06722676238010357,0.12090915344492041,2.8595762114604804,40.166782453968445,97.5443245488344,365.463844021045,0.9525507697921493,0.015452382071039555,23.669726904248176,0.5,0.6204993228333702,8.091686652107748,26.463833608305844,21.26787580650824,7.0403521327642675,23.264234242235958,134.71428571428572,3.1290625,9.088759225220583,1.399551512502838,1.4512932635014977,156.03765424276963,661.2783543241046,45,6.133333333333334,1.4238232781046696,0.022222222222222223,0.12762201358470082,701.1301587301588,578.7737339285098,0.5,0.14142135623730948,0.29169731351428496,0.9554601209773624,0.0059769097574555365,2.209143490901938,6.740340609800239,57.778749999999995,152.629157992026,8.920824174916978,27.883669552244008,8.800265610564965,27.701388466344973,0.16578125,0.5138581286807579,0.014041165615327023,0.03497854721207215,0.4485726916761399,0.04576057267514506,44,1.375,0.01166489925768823,4.888888888888889,3.333333333333333,4.0,3.0659419433511785,28,19,22,2,0.02217741935483871,1,3772,0.0,6,28,76.00515414516546,0.2727272727272727,0.9072109244523038,0.013860654291928788,0.22582482015130323,0.9387597715183922,0.0007928383168911197,57.61296875,152.2486457424773,0.29169731351428496,3.6345643143972106,9.330312267683489,,5.623815994501866,11.24254447217169,0.3954440053230539,0.23728799113040416,8.664619331921532,27.297346781504974,5.213483146067416,1.8615237533729747,0.12156374677482551,0.098899543242306,0.10911458333333333,0.07690881316780263,97.54432454883452,285.9692061364779,0.03125,0.10511703615810827,0.7741751798486968,0.9387597715183922,0.0007928383168911197
307,vowel,0.04672497313930787,0.09109261234540603,3.050227793047553,0.6804876510552583,0.012121212121212121,0.16666666666666669,0.01859488386731862,0.3438036192331001,0.32256471974071405,0.2,0.06550215696633173,0.06253649596360077,3.4594316186372978,0.12115003784045528,0.10195683779373309,0.028494740017224438,0.05207527328974928,0.24774844376407776,0.42882136472463034,0.23838383838383836,0.06101619550208374,9.521319749736227,0.09090909090909091,0.0,,,1.05501419796192,,,82.5,0.4229711538461539,0.5360933282877296,6.146324106331501,0.6820566191833548,5.56475620225098,5.346473489700482,148,9.216216216216216,2.337335364468212,0.006756756756756757,0.010907698305584258,25785.254523254524,48260.953463093254,0.09090909090909091,0.028882845074960067,9.011822108863534,0.5313131313131313,0.08208861930058331,0.28115228076923077,0.38723466035672377,1.3171538461538463,0.9752397322631063,0.01928958818958816,0.7841117592076285,-0.010153846153846163,0.7885833344578209,-0.7487307692307692,1.2174385752946162,0.36333530535335035,0.3114686635741327,0.5969696969696969,0.07640204735895395,147,5.653846153846154,0.1484848484848485,9.8,8.4785443494573,7.0,6.745368781616021,12,1,2,11,0.00923076923076923,10,990,1.0,10,20,7.395076801251532,5.0,0.7434343434343434,0.08236436283593618,2.1184412717704326,0.1313131313131313,0.0420538585750734,2.0658846153846153,1.505532206946715,5.032328365026269,0.43215409465540094,0.25185498511269233,,2.0312293802040724,1.71586548849976,0.047292384222970135,0.14364600447474984,-0.024264763014763265,0.7841119172938231,8.250847457627119,2.667158089159704,0.06468020119388423,0.06517009656456713,0.033886471310177364,0.06042722893731858,0.24774844376407776,0.3041156323723215,0.03846153846153847,0.06491330125666185,0.021730616189815248,0.09090909090909091,0.0
300,isolet,0.02077216091994041,0.04403723509905384,3.90251897154423,0.8837652705192912,0.07913299987174555,0.07643955103518647,0.000885880819158502,0.7768096541417957,0.15438820933846614,0.0,0.07278076424766482,0.10485872511472105,4.70043827987653,0.17329807802371353,0.16117589669145496,0.03363671684052126,0.040856985964181684,0.1862293886485994,1.3186806002110532,0.10350515124584443,0.019478013355639066,10.347786981153666,0.038461538461538464,5.53360904583831e-05,,,8.906081307226335,,,12.636952998379254,0.5643802269043761,0.2796199427805495,8.148711499315755,0.9267698741132153,3.6008878285219073,15.364275445263912,660,12.118181818181819,3.1557404442403034,0.0015151515151515152,0.005495570282760045,2464447.549160156,15053820.599996082,0.038461538461538464,0.015139855653711802,118.49767824372452,0.940104835258879,0.014896518696729625,0.3849170814262561,0.19252814778169977,0.9828541329011345,0.09560164978438027,0.06479603695807033,0.45581532407633174,0.05529011345218801,0.5333852294872949,-0.9348064829821717,0.1147626962536573,0.4542457521050054,0.23953282429509062,0.8454491293900794,0.02871238695838007,659,1.06807131280389,0.0845196870591253,28.652173913043477,27.98799855725855,1.6940874035989717,1.026198571332488,617,4,0,26,0.05248479235513271,25,7797,0.0,617,383,7.591206309491491,,0.9057292386689049,0.036581295418209474,15.657888229583119,0.07246371087192653,0.005066462673595989,1.9176606158833063,0.14217271331257286,33.03431266430091,0.4140807323633421,0.12161622993234339,,0.4418973757316318,1.810498738880012,0.0047794520437765805,0.04064148560006315,0.05622482757712916,0.5145186860303274,11.128127369219106,3.4394112399129795,0.04524535772373925,0.062445142740210895,0.011031622958905769,0.022739863258904064,0.18622938864859945,0.10429984492946635,0.0016207455429497568,0.005528670563014101,1.3572821667798582e-14,0.06784733879727463,0.0031262924284662466
458,analcatdata_authorship,0.016323993791121708,0.013302535733811223,2.8939566006532362,0.38307798019991973,0.08323424494649227,0.6278571428571429,0.06987778626900965,0.9360618658181403,0.02774830218451751,0.0,0.05577091822684961,0.03474280681278571,1.7874160492261657,0.14842389025036848,0.11554627164169456,5.460666436075887,13.537410787282724,50.917968485848576,174.72117591653256,0.5256022408963585,0.060180747147863964,6.8275440021895255,0.25,0.14439255472989965,4.390547753420648,13.163716628685128,61.45022808972294,4.016060453824013,12.316659200292655,12.014285714285714,7.1571428571428575,6.868613163578967,4.419577771859876,0.37550668236635315,2.3253142913452103,3.630128984082674,32,5.5,1.270001270001905,0.03125,0.07766083632615316,333.29523809523806,238.3044955460746,0.25,0.06750771560841522,24.319674030304885,0.9976190476190476,0.0050194883494736,4.998479999999997,4.579578569485074,34.4,30.42758092848362,10.12524205877357,13.369742790633518,9.2,12.729743784208472,0.8285714285714286,3.4261205871120057,0.26179487801952783,0.16488523329734536,0.9822128851540615,0.017787053578981422,31,0.44285714285714284,0.036860879904875146,3.875,2.5319388392523003,1.4090909090909092,0.6661253213344646,70,0,0,4,0.007867494824016562,3,841,1.0,70,68,10.054290376289828,,0.9892857142857142,0.013101249221602523,2.630175386465061,0.5528991596638655,0.029454199228376304,33.57142857142857,28.01737112732257,11.871770817138474,5.356526083946353,4.748442575873746,,1.110728918783191,0.680273120614929,0.0488234358962868,0.028408731203384656,9.431145685997171,12.958362044555528,4.603174603174603,1.7183983778946745,0.1368765457195767,0.11581502383801513,0.142333984375,0.08446396088182535,50.91796848584856,124.96869779446949,0.014285714285714285,0.053670910819566243,0.0015708720217631068,0.4280812324929972,0.04711641550558595
469,analcatdata_dmft,0.022473281951758364,0.040238092715962986,2.0169752831826293,0.9646252289899776,0.005018820577164366,0.1907753164556962,0.028048962559814414,0.20033721500865673,0.07272972228148991,,0.017158954558551653,0.013085847697674891,2.5802592077826514,0.08116375672657976,0.07945683896820656,0.00932957980873772,0.015613391481684698,0.1230224032472414,0.10176304105248428,0.15556962025316454,0.006014878559617968,61.62607689277141,0.16666666666666666,0.0149603091781848,,,0.3255944112519638,0.0,0.0,199.25,0.16666666666666666,0.38348249442368526,4.555364890661625,0.9422756268881075,5.027174551839524,7.599685081887994,236,10.758474576271187,3.2323057120842025,0.00423728813559322,0.004550801666231384,185360.28248352956,348997.27650835365,0.16666666666666666,0.04821331355889428,0.23567430020750432,0.19468354430379747,0.05688672941888052,0.0,0.0,1.0,0.0,0.17119754635438453,0.14191468051755182,0.05555555555555555,0.23570226039551584,0.0,0.0,0.04186960030365505,0.025767276155053972,0.19318037974683544,0.034794176277949285,235,13.055555555555555,0.2948557089084065,13.823529411764707,8.300868133195822,13.055555555555555,9.30826465296691,4,1,4,6,0.006535947712418301,5,797,0.0,0,15,47.1727857097923,0.0,0.17316455696202532,0.031740995364558044,0.22183344859969442,0.18568037974683543,0.019266907235345923,1.0,0.0,0.08700594121420879,0.3389361318310726,0.0928644274828988,,2.2868367738758897,1.377173491122749,0.2709106046103534,0.18125114258159375,0.07341684064022269,0.16835281458197315,9.78343949044586,3.486725839653194,0.059211814125867304,0.07427077385836697,0.025053832490565413,0.044956361970040916,0.12302240324724087,0.06655564089372704,0.05555555555555555,0.034328061883432265,0.795649295783558,0.1844778481012658,0.02241250288691089
1049,pc4,0.08927348331048325,0.08292969814968587,2.77851328667429,0.8265616015405456,0.025377229080932786,,,0.5680919104322333,,0.0,0.016753399113700523,0.024325222997438587,0.5353247216329435,0.3509771129070362,0.2439443457984909,469154.3929073482,8762157.949538192,106280594.70562664,646390558.8224282,,,10.728397465204049,0.5,0.5344524505264577,1.454861009092415,4.227383619908383,25643.671109794,0.8231845746621413,2.2042694356018613,39.4054054054054,360.8931081081081,1933.7961511018839,3.263940088010266,0.8294084765506509,104.57528281035245,150.62107253415365,0.47651256542963866,,,116.14768540540543,590.4111702080796,41034.6472972973,230294.89897407006,583.4640334779226,3203.123381612302,83.70851351351352,409.2778892364795,0.21675675675675674,0.4790560977012449,0.04989792029696785,0.03671071445815306,,,37,1,0,2,0.24324324324324323,1,1458,0.0,37,34,54.683949754577874,,,,0.3227284186985446,,,41034.43054054055,230294.9384100951,0.47651256542963866,1837.8290669668515,10284.035934899324,,6.437016115950555,5.167200951183544,0.03634396323185577,0.0865223606927128,142.83245372084414,733.3158121388436,106280594.70562665,644186452.5722997,0.6772715813014554,,
1050,pc3,0.1391851117858628,0.16348314150398868,2.8956659163709317,0.6882030391142526,0.023672424824056303,,,0.4447161833496945,,0.0,0.008790190692814889,0.0070627591172928075,0.4764549714253225,0.4058309978022549,0.30066405305806854,12768345.7449518,278742719.08317083,3478069177.695143,21155909590.12625,,,11.836604566330898,0.5,0.5623376385251942,4.113456375977849,10.987997983639257,1313.7774634132686,2.000276877525966,4.589008207548719,42.24324324324324,356.1205405405405,1884.8013280688172,3.3318682149325687,0.6767649115064714,237.87796436835845,271.6719301621953,0.2465291699958658,,,142.5463801621622,729.5396305672683,367116.3932432432,2095785.9431279234,1008.1458672684201,5596.584788895956,105.65810810810811,521.827054624411,0.29891891891891886,0.5189454252176758,0.040252672863685404,0.02119051524255547,,,37,0,0,2,0.3408408408408408,1,1563,0.0,37,34,70.93723324105773,,,,0.1977724837331191,,,367116.09432432434,2095785.9966737735,0.2465291699958658,10334.503124329442,58863.5161591177,,10.304517686065175,8.381371453743322,0.016497397299824537,0.02161396725973918,154.927167199148,789.0925519399393,3478069177.6951427,21087816087.78045,0.8022275162668809,,
1053,jm1,0.19457547781153958,0.1671869670219687,3.650606237331913,1.0663381565130432,0.0019292604501607716,,,0.3189269332123316,,0.0,0.005604808228059222,0.0033354113845267806,0.7086892115305542,0.58869544664388,0.24489555612943503,54499692.204982474,724531470.3157378,9012456447.229092,41299941741.595726,,,15.925235520777825,0.5,0.43348861284867535,1.7123196179993283,5.086157642404591,94751.68201286755,1.058003787428109,3.0806923295482376,518.3333333333334,610.3776190476191,2445.1901899441377,4.314794429671515,1.0567321686027134,586.2757839544181,761.9804353929957,0.11323167982643917,,,176.10464,653.470532262088,1567411.5785714285,6772549.409521493,1902.7823686449656,8017.3300192246425,121.91190476190476,440.33822724831697,0.23809523809523808,0.4364357804719847,0.044501019190951355,0.01244893648883046,,,21,0,0,2,0.6571428571428573,1,10885,0.0,21,21,81.03421637754786,,,,0.10171438872822304,,,1567411.3404761904,6772549.4673413355,0.11323167982643917,21963.749609986105,94639.06517825431,1.1896132665694483,15.832769416674589,11.232590203723973,0.007105098764234377,0.008187157159933506,212.24569654402487,814.3025748555182,9012456447.229088,41166144403.11178,0.898285611271777,,
1063,kc2,0.37256673398194085,0.16674484553163818,2.474947603100613,0.6779439188401618,0.040229885057471264,0.8329825834542817,0.10044443920330756,0.59858212418424,,0.0,0.05704076634495302,0.02560585310213719,0.7317786193052257,0.775320960298443,0.21398333351693133,5460267.115496648,60240853.1462939,613850878.3687493,2812809834.503192,0.7178519593613932,0.16393712893076046,4.143978470526875,0.5,0.4172200931139016,3.6272236882925055,7.317385882848898,67085.96873145647,1.638831005510388,2.821226397295619,24.857142857142858,425.15714285714284,1651.4660829599418,3.0301378003110235,0.6450536563049707,128.34934267348595,88.47840185936026,71,8.169014084507042,2.9903937413608634,0.014084507042253521,0.024754504736255473,13563.275124875126,30822.46608854879,0.5,0.18922575834569583,0.5583619631239585,0.8329462989840348,0.08442623394027773,59.56416100000001,197.18822576259427,111741.90809523809,467657.40987740183,977.893699142492,4032.8960673427614,42.053571428571416,133.11423153764264,0.38095238095238093,0.49761335152811925,0.176588422094815,0.03985638045153878,0.8291364296081276,0.08118238825626925,70,3.3333333333333335,0.13409961685823754,4.666666666666667,3.0860669992418384,3.5,2.7625312572654126,21,0,0,2,0.8952380952380953,1,522,0.0,21,21,13.015344685348328,,0.7487663280116111,0.07181600202578621,0.3583005593929169,0.8025399129172713,0.09654378673242887,111741.52714285713,467657.5045359737,0.5583619631239585,5875.729587941181,24663.596943411336,1.5433703630178033,8.90170443731233,4.332083350081442,0.020272758150939457,0.02738632289029678,128.41725508037612,479.4470533563744,7.23404255319149,3.217448629565137,0.0670954190966439,0.08565264772100314,0.06802325181558098,0.08299352290357129,613850878.3687493,2799183414.5187006,0.047619047619047616,0.08336163988344296,0.6416994406070831,0.7776124818577649,0.10836724875814367
1067,kc1,0.2574204159899978,0.18167471109230846,2.6382556617113027,0.9806911640767549,0.00995732574679943,,,0.4677233660924754,,0.0,0.02467666650781884,0.011062071149875173,0.6211733422333799,0.7203468143848013,0.22116407577556052,145365.7696732619,1304494.781399771,14549820.294238308,66667325.94677693,,,6.886717397147574,0.5,0.4885038312891416,0.7675521309389823,2.0497988226099166,13059.329767597515,0.4687841790521687,1.060285433750368,100.42857142857143,136.03,491.2036518288519,3.1692302479320333,0.9501428625482438,31.74211070801197,29.145626866534958,0.28002481763542836,,,23.379189999999998,69.20610464522122,16869.353333333333,70679.43543063146,285.096916615864,1138.6964242537624,17.240000000000002,46.75545818404521,0.23809523809523808,0.4364357804719847,0.09019875601264911,0.032067633461211734,,,21,0,0,2,0.7904761904761906,1,2109,0.0,21,21,28.249357511552866,,,,0.21876514718887577,,,16869.115238095237,70679.49475173083,0.28002481763542836,915.4550143765099,3794.3840780073606,1.1337234787215194,4.197201110528563,2.014743403578168,0.018697467233422003,0.020748046350336658,42.75609163002217,144.02993618115121,14549820.294238307,66396708.69012809,0.7812348528111243,,
1068,pc1,0.23781739237168575,0.19654801074920003,2.9376186363236885,0.6653433284693523,0.018935978358881875,,,0.3862234057684496,,0.0,0.006607209615140497,0.004253453718994713,0.36380010531923423,0.6327333982262607,0.2273486396663503,9113908.17003893,112468708.5768454,1391021745.0931768,6374271207.053249,,,11.41204571808613,0.5,0.6089152173427889,5.13634683427259,13.238246287582859,79096.96169872099,2.310722146464298,5.107114305132719,52.80952380952381,638.0409523809524,2569.2990251952087,3.2695401359742933,0.6576857987520683,115.30369645839482,106.83403981354654,0.17532087437185986,,,251.744774,979.92438648221,216793.89238095234,932348.7081274617,1500.9949675812618,6271.058531336306,183.56190476190477,691.9780333335666,0.3333333333333333,0.48304589153964794,0.03187860566862904,0.013922682950797056,,,21,0,0,2,0.6904761904761906,1,1109,0.0,21,21,91.15016073348929,,,,0.14916851916338048,,,216793.55904761903,932348.7892353402,0.17532087437185986,8678.609588564534,37168.382460601846,,7.986854451200737,4.07334211398489,0.012637119973169433,0.01239065377193521,266.34375883486825,1033.9844794769933,1391021745.093177,6353362935.781049,0.8508314808366195,,
