,dataset_name,0,1,2,3,4,5,6,7,8,9,10,11,12,13,14,15,16,17,18,19,20,21,22,23,24,25,26,27,28,29,30,31
3,kr-vs-kp,2.5037081,-1.8756335,0.28800112,2.8067567,0.9299885,1.9772526,-1.1627549,-1.1066822,-3.1702566,2.0590935,-0.6243311,-3.11266,-0.66469485,0.64843047,-1.91553,1.299949,-1.5612694,3.0928257,0.31591702,1.726938,2.914556,3.751379,-1.1498208,-0.8752673,-1.5375341,3.9607868,-2.6537356,3.255775,3.7174904,1.8953396,3.4040012,-2.1316972
6,letter,1.9945738,-2.2286096,1.5616479,2.044541,1.2765688,0.36660868,0.5272287,1.4832,-1.6622012,0.2652673,1.7018461,-1.4371903,-0.7345026,1.3907068,-0.8508213,1.2172626,0.3287538,0.9381935,0.6180655,-0.57935035,1.26335,2.4834096,-0.2954602,0.959165,-0.029048229,1.2262378,-1.0113113,-0.3240331,1.934263,2.6493073,1.2934276,-2.0724864
11,balance-scale,2.5863757,-2.6028874,1.5035822,2.7508388,1.5994089,0.8853505,0.14225282,1.2123823,-2.4183877,0.87911445,1.6044575,-2.0099893,-0.91137123,1.583851,-1.2977916,1.5074322,0.03379495,1.6470621,0.65283763,-0.040776554,2.1347303,3.2772198,-0.6642176,0.89973795,-0.5487599,2.199311,-1.4623038,0.3805912,2.7817004,2.997251,2.137134,-2.5495787
12,mfeat-factors,2.1162813,-2.3591628,1.649085,2.1799521,1.3919916,0.38417676,0.5506803,1.5998514,-1.7509552,0.2837239,1.8455036,-1.4898372,-0.7797581,1.5031954,-0.9068881,1.2973545,0.37596935,0.9820343,0.6604675,-0.6050774,1.3705024,2.5995245,-0.30881986,1.0640788,-0.04509545,1.2887033,-1.0328624,-0.37222618,2.0438507,2.8196087,1.3738595,-2.208881
14,mfeat-fourier,2.1211436,-2.3653414,1.6553905,2.184763,1.3968294,0.3831168,0.553996,1.6074743,-1.7530162,0.28152606,1.853582,-1.4923156,-0.7815074,1.5079685,-0.90841687,1.3007135,0.3787019,0.9823476,0.6634684,-0.6092979,1.3722334,2.6043463,-0.30722553,1.0690105,-0.043547854,1.2886899,-1.0347006,-0.3765814,2.0473006,2.829,1.3747482,-2.2154496
15,breast-w,2.98646,-2.4308827,0.5881921,3.099671,1.5368174,1.771492,-0.9662172,-0.27061898,-3.5038936,2.055858,0.3256406,-2.7853935,-0.7459722,1.284209,-1.9022017,1.4070683,-1.07509,2.846813,0.5904067,1.4518154,3.213388,4.119831,-1.1880395,-0.1256384,-1.5314645,3.7062511,-2.1397357,2.4025607,3.7632058,2.531651,3.333315,-2.4804978
16,mfeat-karhunen,2.0872436,-2.3286452,1.6208973,2.1476712,1.3690765,0.379965,0.5416127,1.5727086,-1.733133,0.28415734,1.8142992,-1.4698689,-0.767328,1.4839723,-0.8957826,1.2775317,0.3685412,0.9694659,0.64955777,-0.59286463,1.3514576,2.5681562,-0.3078631,1.045021,-0.043780524,1.2728446,-1.0151621,-0.36325473,2.0174575,2.7764974,1.3582737,-2.1740248
18,mfeat-morphological,2.2091384,-2.4585044,1.7447901,2.281667,1.4660861,0.39303404,0.5848888,1.6940286,-1.8044497,0.2769087,1.9513658,-1.5517404,-0.8198045,1.565402,-0.93919384,1.3605067,0.4032669,1.0174882,0.6971853,-0.65099275,1.4260247,2.6987865,-0.30861586,1.1273816,-0.045097034,1.3323444,-1.0881656,-0.40949926,2.1239543,2.9613214,1.4177033,-2.3209376
22,mfeat-zernike,2.0966039,-2.3395925,1.6345241,2.1569529,1.3753711,0.37859517,0.5474107,1.584275,-1.7366369,0.27845094,1.8261681,-1.4788384,-0.77080864,1.4905809,-0.8994071,1.2836959,0.3704854,0.9711941,0.65661657,-0.600737,1.3520529,2.5816786,-0.3030571,1.0500435,-0.040167794,1.2748826,-1.0253863,-0.36683035,2.0253506,2.7961328,1.3603356,-2.1884437
23,cmc,2.2440474,-2.1228478,1.0113266,2.4168532,1.184209,1.0751339,-0.19279543,0.43320322,-2.3382273,1.0539672,0.79368246,-2.0948904,-0.732086,1.1539661,-1.3225223,1.2926058,-0.39841622,1.844949,0.48441786,0.37801394,2.0426886,3.0396848,-0.70902467,0.33217198,-0.6912474,2.4155703,-1.649833,1.124065,2.7310271,2.3545172,2.219301,-2.158485
28,optdigits,1.7820117,-1.7083012,0.9104117,2.0448778,0.7443203,0.97376907,-0.117510274,0.16003698,-1.8524605,0.82897866,0.39418268,-1.9852388,-0.6883827,0.7542001,-1.1052444,1.1542823,-0.44788593,1.6488221,0.27823365,0.2650284,1.5515646,2.540024,-0.61382914,0.033152573,-0.4917512,2.1565843,-1.6850144,1.1572802,2.3415,1.8700291,1.9194772,-1.8011233
29,credit-approval,3.09694,-2.4735904,0.5357785,3.2516923,1.5491861,1.9385039,-1.1059873,-0.45943347,-3.6811337,2.1989975,0.17342028,-3.0027146,-0.7716732,1.2669257,-2.053163,1.4789345,-1.2423398,3.0892353,0.5939339,1.625129,3.4071777,4.3129535,-1.2629826,-0.23392782,-1.6532886,4.023241,-2.3622704,2.74896,4.0220995,2.5799208,3.5764015,-2.5963807
31,credit-g,3.5364258,-2.7425225,0.49895597,3.6861534,1.8292488,2.213752,-1.3535101,-0.5439504,-4.2208896,2.6267679,0.20213354,-3.2774863,-0.8649707,1.4012345,-2.2672477,1.6031271,-1.4023365,3.493626,0.64647275,1.9719816,3.980828,4.846116,-1.5238422,-0.2713811,-2.013978,4.557556,-2.521195,3.060581,4.486805,2.7990508,4.04891,-2.8349323
32,pendigits,2.2066476,-2.4535947,1.7357614,2.2815564,1.4645927,0.39809272,0.5791309,1.6854818,-1.8062652,0.28612864,1.9438969,-1.5479774,-0.82031024,1.5612946,-0.9383713,1.359736,0.40204796,1.0215554,0.68995047,-0.64338124,1.4332108,2.6912937,-0.3172843,1.1258231,-0.05189962,1.3379009,-1.0823073,-0.40547442,2.1235433,2.9480977,1.4219139,-2.313229
37,diabetes,3.504362,-2.8210664,0.7033066,3.6482804,1.8881292,2.0443897,-1.1223907,-0.20011826,-4.0480494,2.4267125,0.50928676,-3.117656,-0.90988934,1.4899523,-2.141309,1.6372411,-1.1575664,3.269155,0.6620463,1.6694362,3.8200564,4.7053423,-1.4458379,-0.021858891,-1.856295,4.268291,-2.364496,2.6135216,4.3037024,2.9186502,3.820706,-2.8646426
44,spambase,2.484963,-1.7425783,0.13819255,2.8123436,0.79895806,2.106091,-1.3301127,-1.4412199,-3.2515552,2.257192,-0.96154183,-3.264871,-0.6422732,0.4783129,-1.9285358,1.2292249,-1.7682054,3.2391174,0.24118385,2.008161,2.9670858,3.8515213,-1.2142328,-1.243208,-1.6955954,4.139245,-2.8007786,3.587708,3.7556908,1.7021557,3.5730312,-2.0123973
46,splice,2.5802848,-2.584018,1.4704013,2.7343378,1.6003796,0.8974787,0.12224289,1.1842811,-2.432962,0.9137167,1.5779536,-1.9997547,-0.8974873,1.5640299,-1.2894669,1.4882128,0.016516656,1.6627842,0.64047575,-0.009093761,2.156535,3.2578907,-0.68298215,0.8772173,-0.57835233,2.2048814,-1.4420705,0.3983932,2.772859,2.9521172,2.1398742,-2.5105639
50,tic-tac-toe,3.7718022,-3.0754457,0.88013494,3.9628873,2.0828767,2.1518373,-1.1048782,-0.044465806,-4.263628,2.5238643,0.7070636,-3.309665,-1.0346613,1.6258577,-2.2573597,1.8156078,-1.12955,3.4515424,0.7065437,1.6502705,4.082058,4.988831,-1.5393838,0.1249367,-1.9536425,4.5143056,-2.5202053,2.6178262,4.582547,3.2159863,4.0289736,-3.140945
54,vehicle,2.1731498,-2.3432965,1.5243173,2.2998981,1.3724394,0.56499195,0.38296968,1.361705,-1.9014864,0.47266904,1.6498849,-1.6323802,-0.8062515,1.4659897,-1.0290844,1.343054,0.23713088,1.1901997,0.6081188,-0.39042404,1.5745118,2.720992,-0.4334578,0.9685605,-0.1992387,1.592058,-1.1712213,-0.055744596,2.2468858,2.7543042,1.6118944,-2.2528667
151,electricity,3.2554793,-2.4895651,0.35674256,3.4056294,1.5936158,2.146296,-1.36413,-0.7482203,-3.9821897,2.4987612,-0.05340291,-3.1905022,-0.7616339,1.2370223,-2.2039158,1.4780395,-1.4770926,3.3776736,0.59197307,1.9779415,3.7120044,4.5690937,-1.4114757,-0.4458324,-1.8966678,4.3959284,-2.500765,3.1737714,4.28446,2.5356798,3.8889031,-2.6190221
182,satimage,2.177718,-2.3987849,1.6475986,2.266646,1.428165,0.44172087,0.51305354,1.577821,-1.8227663,0.35301927,1.8448614,-1.538296,-0.8108584,1.5246781,-0.9486742,1.3393546,0.36198553,1.0541455,0.6493049,-0.5559554,1.471051,2.6645823,-0.3637442,1.0762184,-0.10212002,1.3941143,-1.067721,-0.31891644,2.12868,2.8480983,1.4656436,-2.2585769
188,eucalyptus,2.0441892,-2.174335,1.3658221,2.188116,1.2045044,0.6410035,0.28081745,1.0859021,-1.8584816,0.52016395,1.3506191,-1.6827948,-0.7618237,1.287973,-1.0341823,1.2762817,0.08200138,1.2649429,0.5352246,-0.2666256,1.5248659,2.6455686,-0.45815676,0.7686077,-0.23930332,1.6838417,-1.2716334,0.20929246,2.2395535,2.5242236,1.6332474,-2.125064
38,sick,2.4159184,-1.685684,0.12718853,2.7511122,0.72820675,2.0849884,-1.3076282,-1.4658216,-3.1672635,2.197238,-1.0035169,-3.2183185,-0.64556295,0.43051404,-1.8855956,1.2222694,-1.7455288,3.1917708,0.21108225,1.9454294,2.8758686,3.7757525,-1.204169,-1.2335842,-1.6443983,4.090795,-2.8011901,3.5579941,3.6947181,1.6319313,3.509077,-1.9855497
307,vowel,2.1730394,-2.4209056,1.7104433,2.242763,1.4373085,0.389756,0.5735065,1.6586357,-1.7825603,0.27720147,1.9108438,-1.5309355,-0.80454004,1.5405657,-0.92754805,1.337528,0.39185625,1.0052679,0.68357474,-0.6357375,1.4034717,2.6601584,-0.30695656,1.1028619,-0.043593008,1.316052,-1.070802,-0.39366058,2.0946774,2.9089367,1.4004284,-2.2796593
300,isolet,1.8858839,-2.0172648,1.3069193,1.9985882,1.0634414,0.5850428,0.29760468,0.98889244,-1.7134119,0.44621515,1.2039287,-1.6294159,-0.69806474,1.1330369,-0.939765,1.1709492,0.028485868,1.1899679,0.501518,-0.28963053,1.3382967,2.4874585,-0.39753747,0.62416625,-0.18278351,1.549311,-1.2656262,0.2291441,2.0747945,2.3435242,1.4835483,-1.9568412
458,analcatdata_authorship,2.1603467,-2.3089068,1.4713893,2.2759547,1.3450953,0.5800878,0.34299904,1.2960532,-1.9178364,0.5092957,1.5828292,-1.630426,-0.79072005,1.4369918,-1.0270602,1.311973,0.19939168,1.2015094,0.5979593,-0.33176547,1.5791683,2.7288284,-0.44738752,0.91075265,-0.22852421,1.6110262,-1.1675394,0.0007401638,2.2381682,2.6982284,1.6247314,-2.2110662
469,analcatdata_dmft,2.449642,-2.689116,1.9259977,2.5707521,1.6495812,0.4751858,0.6145068,1.8547226,-1.9798412,0.34482855,2.156221,-1.7149916,-0.93465364,1.6984543,-1.0374563,1.530565,0.44729155,1.1677336,0.74161,-0.6930548,1.6481594,2.9358726,-0.38116917,1.2696531,-0.11120404,1.5290146,-1.221186,-0.43640694,2.3637452,3.2464,1.5964063,-2.577679
554,mnist_784,1.7040358,-1.4507364,0.61285865,2.106749,0.43371063,1.2819602,-0.45740694,-0.53846,-1.9580778,1.1311872,-0.28395107,-2.2878585,-0.70530164,0.4381458,-1.2148674,1.1407082,-0.8182157,1.9818804,0.095025614,0.7090187,1.6696119,2.6685777,-0.79472506,-0.49155745,-0.71592295,2.6435747,-2.062068,1.8863766,2.5364108,1.4926035,2.2854772,-1.6989006
1049,pc4,2.4073796,-1.8047835,0.27823943,2.6623354,0.8923049,1.8555292,-1.0958856,-1.0246457,-3.0546052,2.000224,-0.57043093,-2.9346204,-0.6255777,0.6232799,-1.7789446,1.2025267,-1.4673938,2.9103007,0.29750863,1.658782,2.7704148,3.6042976,-1.1177682,-0.8671278,-1.4795644,3.7200267,-2.4591777,3.0244637,3.4848626,1.7841151,3.2204952,-1.9731022
1050,pc3,2.3845768,-1.7372568,0.21073072,2.6740575,0.8182085,1.9293976,-1.1729805,-1.1953337,-3.068667,2.066801,-0.7404564,-3.0143306,-0.62815243,0.54108465,-1.8054421,1.2024325,-1.5628272,2.9980226,0.25103408,1.7635952,2.7932553,3.6172938,-1.1489823,-1.0068862,-1.5329198,3.8340237,-2.5592234,3.2097564,3.531506,1.6951491,3.3097758,-1.9471772
1053,jm1,2.3473802,-1.7102343,0.2198551,2.6414762,0.7898461,1.9009387,-1.1477869,-1.1842031,-3.0195363,2.0441754,-0.74281806,-2.9883113,-0.62649405,0.5193551,-1.7678055,1.1835546,-1.5416766,2.9513881,0.23533583,1.743837,2.7396703,3.5751863,-1.1344348,-1.0263021,-1.5120484,3.7750764,-2.5335257,3.1592157,3.4683177,1.6634147,3.267482,-1.908091
1063,kc2,2.421254,-1.758642,0.19745567,2.7032166,0.8495816,1.9529898,-1.2009329,-1.2084087,-3.1260004,2.1161928,-0.74239814,-3.0436375,-0.6217171,0.55640906,-1.8308465,1.1999162,-1.5900733,3.037135,0.26267648,1.816536,2.8520453,3.6641812,-1.1641934,-1.0282626,-1.5739357,3.8760426,-2.5642614,3.2513103,3.5711377,1.7135963,3.354976,-1.9525458
1067,kc1,2.3200455,-1.7726978,0.3322684,2.5740924,0.8598817,1.7519436,-0.9924944,-0.9079281,-2.908549,1.8793799,-0.4853899,-2.8149447,-0.62781787,0.6180171,-1.6883724,1.1802363,-1.3590055,2.7595892,0.28140226,1.5209247,2.6248035,3.4605775,-1.0661566,-0.79131025,-1.3791556,3.5332177,-2.3541067,2.8162835,3.3280284,1.7569807,3.063567,-1.9176136
1068,pc1,2.255629,-1.6814005,0.2798038,2.550875,0.7561039,1.7915415,-1.0354273,-1.0545166,-2.8613973,1.9031527,-0.6443504,-2.8553886,-0.63371253,0.5207274,-1.676907,1.1710709,-1.4185969,2.7916546,0.2198601,1.5792632,2.5841386,3.4194608,-1.082098,-0.9194555,-1.393937,3.5824857,-2.4253469,2.9350219,3.311792,1.6413565,3.0982416,-1.8652757
1590,adult,3.2258544,-2.3504446,0.13554847,3.372642,1.4883349,2.2863457,-1.5964661,-1.1358156,-4.110345,2.6907713,-0.41964704,-3.3568714,-0.67243326,1.0899369,-2.3012748,1.3914309,-1.7647396,3.582896,0.5698801,2.3127382,3.8133984,4.641345,-1.4529793,-0.8044771,-2.0425816,4.6256437,-2.6494737,3.6505826,4.393349,2.3512053,4.074997,-2.4941938
4134,Bioresponse,2.3819146,-1.7150328,0.21697001,2.7416053,0.7466505,2.0131104,-1.2066643,-1.3213303,-3.0667706,2.0853055,-0.8769293,-3.164288,-0.6707346,0.47339827,-1.8595663,1.2534277,-1.6460717,3.0987668,0.21542318,1.8148863,2.8010309,3.6866882,-1.1547363,-1.1170377,-1.5554827,3.9820263,-2.749081,3.396394,3.634744,1.6984847,3.4204698,-2.0138335
1510,wdbc,3.3888104,-2.733901,0.6752489,3.5193791,1.8128868,1.975672,-1.0863185,-0.20828554,-3.9260697,2.3419356,0.47611475,-3.0304189,-0.869979,1.4498606,-2.082425,1.5793974,-1.1326816,3.1631389,0.64989024,1.6195387,3.6797936,4.57442,-1.3852928,-0.040871747,-1.7817703,4.1291175,-2.2993207,2.551821,4.1725187,2.8322818,3.7037308,-2.7742128
1489,phoneme,3.511104,-2.8098097,0.67294985,3.6548238,1.8781059,2.0687404,-1.1579617,-0.25189298,-4.0747714,2.456454,0.4630859,-3.1400304,-0.9043357,1.4779891,-2.1592069,1.631827,-1.1931747,3.3003757,0.6606101,1.7150519,3.8423195,4.731193,-1.457577,-0.05979181,-1.8796718,4.3113246,-2.3877804,2.6789849,4.329969,2.9020755,3.8551338,-2.86184
1494,qsar-biodeg,2.6430593,-1.9506788,0.21938899,2.8821716,1.0489602,2.0335896,-1.2685621,-1.1315615,-3.381174,2.2220128,-0.5993294,-3.1367905,-0.6328939,0.72776127,-1.9757433,1.2730558,-1.6199763,3.1847014,0.37274504,1.8850033,3.104166,3.9236698,-1.2139468,-0.8983432,-1.6665224,4.0644445,-2.607356,3.3346264,3.8212974,1.9458134,3.52379,-2.1460118
1497,wall-robot-navigation,1.8260342,-1.8421519,1.0755781,2.0252223,0.8887455,0.8085681,0.058203228,0.5187591,-1.7965653,0.6726042,0.744138,-1.8321588,-0.690447,0.9187854,-1.0398554,1.1582282,-0.24709253,1.4552432,0.3732639,0.038569283,1.472544,2.5097868,-0.52341306,0.2884435,-0.3680231,1.8992503,-1.4953326,0.7632748,2.2288737,2.0719423,1.734067,-1.8598964
1501,semeion,1.887042,-1.9941107,1.2741114,2.0121427,1.0246978,0.635573,0.25054675,0.8920404,-1.7431672,0.48093826,1.1076614,-1.7003629,-0.69756424,1.0868703,-0.9701678,1.1700327,-0.043180145,1.2537397,0.4935299,-0.23091833,1.3571533,2.5403423,-0.4128356,0.5466846,-0.21258628,1.6358093,-1.3537258,0.35818097,2.1302733,2.317867,1.5388186,-1.9650497
1480,ilpd,2.7369142,-2.00078,0.18019375,2.9497156,1.1156218,2.093905,-1.345765,-1.1759493,-3.523672,2.3291516,-0.61034966,-3.1951056,-0.61910987,0.7663332,-2.036878,1.2758157,-1.6825979,3.2819457,0.4059039,1.9923595,3.2389839,4.0472345,-1.2579849,-0.9272238,-1.7530638,4.177204,-2.6313035,3.4412422,3.9271107,1.9867814,3.6298823,-2.1791563
1485,madelon,3.63984,-2.8842711,0.6422341,3.7872262,1.9586346,2.1710677,-1.2518593,-0.31029275,-4.251857,2.6010711,0.44263,-3.2469373,-0.9236766,1.5112655,-2.2446666,1.6693833,-1.2687353,3.4508083,0.675502,1.8473151,4.034553,4.895432,-1.5393959,-0.090138964,-2.0001094,4.5037966,-2.4560142,2.826221,4.4958982,2.9589512,4.0215483,-2.9324067
1486,nomao,2.9926627,-2.1228669,0.07992706,3.1757464,1.2642215,2.284511,-1.5727028,-1.3466625,-3.8939853,2.6229155,-0.69488543,-3.4015193,-0.6144544,0.847087,-2.2180047,1.3153428,-1.8724115,3.575957,0.4702528,2.307179,3.601036,4.397518,-1.3806725,-1.0551157,-1.993029,4.541682,-2.7635026,3.7940488,4.244148,2.0985928,3.9719303,-2.3008685
1487,ozone-level-8hr,3.6787333,-2.7332292,0.29492265,3.8160126,1.8415657,2.4141767,-1.6395591,-0.88077754,-4.5219216,2.916945,-0.071531795,-3.4798856,-0.83224475,1.3605676,-2.4258492,1.577646,-1.671489,3.7733607,0.66318524,2.3589787,4.251986,5.131807,-1.6455774,-0.54209703,-2.2431505,4.9287214,-2.6822696,3.5397124,4.741618,2.7464218,4.3664923,-2.8495183
1468,cnae-9,1.8297068,-1.399575,0.52967024,2.386853,0.27593377,1.6147671,-0.72344303,-1.0644758,-2.173541,1.3831375,-0.7497036,-2.7652948,-0.7966887,0.2836252,-1.4527749,1.2559568,-1.167812,2.392802,0.044487737,1.0544033,1.8795532,3.071312,-0.9202011,-0.90677756,-0.9006835,3.2262962,-2.621678,2.60955,2.9614727,1.4952022,2.7580714,-1.885648
1475,first-order-theorem-proving,1.6691391,-1.581965,0.81917286,1.9430126,0.6352131,0.9542721,-0.14684857,0.05251388,-1.7696015,0.8518861,0.27020758,-1.9008706,-0.66636956,0.6601396,-1.0304873,1.0849099,-0.45312017,1.584855,0.20175786,0.31431347,1.4723681,2.4080138,-0.64282805,-0.063415684,-0.49373668,2.0885775,-1.602305,1.1506213,2.2037947,1.6712954,1.8630812,-1.6414096
1462,banknote-authentication,3.6741085,-2.9164739,0.6655804,3.8288963,1.9828129,2.1864638,-1.2496234,-0.29173133,-4.2789826,2.6141331,0.46649966,-3.272998,-0.94098914,1.5265875,-2.2595694,1.6939195,-1.2657536,3.476628,0.6794044,1.8440523,4.0692167,4.930098,-1.5532322,-0.07142904,-2.0132337,4.537953,-2.478332,2.8283627,4.5329666,2.9956708,4.049144,-2.9680262
1464,blood-transfusion-service-center,3.3471787,-2.6357932,0.53255576,3.470775,1.7347775,2.0355277,-1.2090366,-0.41920343,-3.9638457,2.4233985,0.27357695,-3.0631075,-0.824347,1.3735265,-2.1158605,1.5226576,-1.2596418,3.2313104,0.6283358,1.778517,3.6996818,4.583831,-1.4082301,-0.20285082,-1.841005,4.2205257,-2.3403156,2.7725472,4.1968307,2.701489,3.7728105,-2.6952224
4534,PhishingWebsites,3.627772,-2.6701694,0.2292995,3.7617188,1.8191,2.4361184,-1.6764818,-0.96524155,-4.522696,2.9688544,-0.16090032,-3.502522,-0.7847566,1.2898251,-2.4236126,1.5286953,-1.7444929,3.8174114,0.6377091,2.438815,4.2705836,5.058784,-1.6529531,-0.64601624,-2.2836258,4.93605,-2.675658,3.6305935,4.7220826,2.6455593,4.3697124,-2.7455945
6332,cylinder-bands,3.2105374,-2.4341283,0.32034618,3.3699393,1.541559,2.1646154,-1.3907067,-0.8350021,-3.9610932,2.507975,-0.14816666,-3.2262702,-0.7398591,1.1770937,-2.2092042,1.4558213,-1.5371385,3.405983,0.5746032,2.021206,3.689114,4.537202,-1.401634,-0.5357532,-1.9030012,4.416099,-2.5452871,3.268542,4.279468,2.474663,3.8976262,-2.5733583
1461,bank-marketing,2.8154006,-2.069891,0.20064843,3.021914,1.1701485,2.0993328,-1.359669,-1.1278255,-3.5905795,2.347012,-0.54184425,-3.1926472,-0.6465677,0.8423397,-2.067005,1.3065673,-1.6531185,3.2847607,0.43766516,1.9977458,3.2943847,4.149288,-1.2773435,-0.86355513,-1.7650528,4.2173853,-2.6200726,3.4136555,3.9819114,2.0741975,3.6767776,-2.2577057
4538,GesturePhaseSegmentationProcessed,1.6438646,-1.5941261,0.87030506,1.8999615,0.6495866,0.86991465,-0.07342513,0.1722233,-1.7095836,0.7892627,0.37686095,-1.816317,-0.6613484,0.6917561,-0.96984893,1.056772,-0.3683532,1.4681629,0.21569562,0.23493338,1.395329,2.3597438,-0.60831106,-0.0074653933,-0.43465313,1.9429224,-1.4979874,0.9703399,2.0959916,1.6921327,1.7597439,-1.6052119
1478,har,1.8744628,-1.9676144,1.2209098,2.0227826,1.0169165,0.6759813,0.20814523,0.8264578,-1.7593997,0.54116595,1.0511506,-1.7044157,-0.6983405,1.0703932,-0.9878257,1.1761281,-0.06590138,1.2979285,0.45382532,-0.16616288,1.41449,2.4983945,-0.45496655,0.52543294,-0.25973493,1.691905,-1.3412824,0.42243958,2.149105,2.253188,1.5891052,-1.9313656
23381,dresses-sales,3.6941993,-2.9380012,0.68646455,3.8563309,1.9934803,2.1975303,-1.2448795,-0.2815988,-4.2920103,2.614181,0.47838497,-3.2992465,-0.9532539,1.5348761,-2.2734246,1.714413,-1.2671598,3.4964607,0.68385416,1.8357595,4.085559,4.9547663,-1.556206,-0.060045622,-2.0158455,4.564117,-2.5075207,2.8384852,4.562727,3.0261264,4.0676703,-2.9994373
40499,texture,2.0354276,-2.2620778,1.562973,2.098703,1.3079281,0.39974248,0.5069932,1.4789402,-1.7107124,0.30028415,1.7126482,-1.4714096,-0.7487888,1.4190459,-0.88714695,1.2460097,0.32108992,0.9826425,0.62203914,-0.55188584,1.3271129,2.5305765,-0.31785607,0.976991,-0.057472818,1.2895048,-1.0342486,-0.28804332,1.9969103,2.6853292,1.3531467,-2.1161025
40668,connect-4,1.7117485,-1.5248321,0.7109985,2.0834374,0.53196234,1.173496,-0.33664736,-0.3023464,-1.8887365,1.01348,-0.06574721,-2.178303,-0.7102638,0.53682864,-1.1821897,1.1560699,-0.6918862,1.8686479,0.13911633,0.5578641,1.6213856,2.5711143,-0.725468,-0.3144224,-0.6344918,2.4797397,-1.9282736,1.6496391,2.463844,1.6103458,2.159273,-1.7250786
40966,MiceProtein,2.018479,-2.2277627,1.5085129,2.092424,1.281785,0.43531132,0.46305037,1.4018348,-1.7248049,0.3431039,1.6403258,-1.4807612,-0.74302596,1.3888088,-0.8997156,1.236367,0.2848893,1.0162675,0.597126,-0.49553752,1.3537648,2.5211794,-0.3471235,0.938742,-0.09095691,1.3387147,-1.0446699,-0.21449451,2.012995,2.6245587,1.3871436,-2.087994
40982,steel-plates-fault,1.8697405,-1.9365288,1.1813169,2.0335736,0.9783152,0.7262831,0.15795366,0.72493774,-1.7814434,0.5795214,0.9508289,-1.7651527,-0.6978355,1.02312,-1.0161235,1.1776316,-0.13453893,1.3627195,0.43727642,-0.10317719,1.4376413,2.5257056,-0.47306824,0.4492591,-0.2936081,1.7766483,-1.417608,0.5518123,2.1971464,2.2142193,1.6453764,-1.9297279
40994,climate-model-simulation-crashes,3.8283951,-2.907328,0.45244294,3.992476,1.9695097,2.4338312,-1.5622649,-0.6906704,-4.5965033,2.9077659,0.13586621,-3.532137,-0.9272855,1.478081,-2.4603276,1.7010419,-1.5693915,3.8083,0.69362336,2.2442687,4.3557277,5.269041,-1.6822373,-0.35273826,-2.2483406,4.995221,-2.7295744,3.4043522,4.862363,2.9599886,4.4246182,-3.0432346
40983,wilt,2.8738434,-2.075228,0.13797961,3.0630357,1.1957476,2.156328,-1.4458158,-1.2140898,-3.6979039,2.4550297,-0.6040088,-3.2364094,-0.6322642,0.84345084,-2.105351,1.2913253,-1.7238328,3.3654492,0.44532624,2.1218474,3.3944085,4.237342,-1.3213891,-0.9401153,-1.8512499,4.314588,-2.6384118,3.5307822,4.0485263,2.0591872,3.7719789,-2.2502265
40975,car,2.4598541,-2.5371704,1.5573133,2.6008263,1.5316179,0.74252313,0.25491542,1.3155074,-2.2272666,0.6982056,1.6682997,-1.8777373,-0.87988776,1.5657312,-1.1950929,1.4571401,0.1267461,1.4586484,0.66387326,-0.20354041,1.9071224,3.1085405,-0.55353206,0.93847024,-0.3954573,1.9514555,-1.3672731,0.18195844,2.5820909,2.9681292,1.9305807,-2.476104
40984,segment,1.7026412,-1.6352656,0.8653735,1.959403,0.69100946,0.93208295,-0.10966946,0.14153181,-1.7801731,0.8173502,0.3626788,-1.8896691,-0.66872346,0.7127317,-1.0392563,1.1038456,-0.41697168,1.5711684,0.23745994,0.25819746,1.4821452,2.4246583,-0.6204238,0.015403433,-0.47195268,2.061297,-1.5866582,1.0858898,2.2212405,1.7517812,1.8416399,-1.6909847
40979,mfeat-pixel,2.047392,-2.2060971,1.4564782,2.1696675,1.2155567,0.59176034,0.35382602,1.1744375,-1.8180107,0.42627206,1.4216396,-1.7096338,-0.7542297,1.294203,-1.0186448,1.2806959,0.09741222,1.2310975,0.58531696,-0.3671538,1.4474156,2.6641335,-0.38424426,0.7865505,-0.17125164,1.6120622,-1.321464,0.14853205,2.223987,2.6158998,1.5642445,-2.1699975
40996,Fashion-MNIST,1.8101234,-1.7711897,0.9822958,2.0401938,0.810954,0.90885895,-0.04636898,0.3097344,-1.8419319,0.7668056,0.5416521,-1.9334517,-0.68559265,0.8244256,-1.0829854,1.1548793,-0.37275824,1.5774689,0.3270904,0.1730721,1.524709,2.5467021,-0.5731355,0.13523343,-0.4440999,2.0563104,-1.6184155,1.0029589,2.3062866,1.9661325,1.8469849,-1.8340948
41027,jungle_chess_2pcs_raw_endgame_complete,2.7024236,-2.6919773,1.5395442,2.8811803,1.6756538,0.9555322,0.11063228,1.220917,-2.538587,0.9579191,1.6390747,-2.109312,-0.94889945,1.6266296,-1.3617307,1.5689895,0.0059638596,1.7573931,0.6709723,0.004221919,2.2721112,3.4135098,-0.7146617,0.9164076,-0.6191388,2.3384755,-1.5426332,0.449567,2.9200342,3.095635,2.257133,-2.6502585
23517,numerai28.6,3.7966428,-3.0933836,0.87864625,3.9862847,2.1068273,2.1659303,-1.1155542,-0.040357657,-4.2955146,2.551344,0.7175364,-3.3215184,-1.037802,1.6348013,-2.2680507,1.8215501,-1.1358355,3.4752936,0.70830923,1.6691272,4.1214876,5.0087557,-1.556483,0.12875429,-1.9771059,4.5399423,-2.5188146,2.6272416,4.6063643,3.2266502,4.052018,-3.1478112
40923,Devnagari-Script,1.7864952,-1.6898113,0.88494664,2.050789,0.7180996,0.9998566,-0.15238592,0.09623469,-1.8748066,0.85718167,0.33253342,-2.0183034,-0.686559,0.7260012,-1.1136763,1.1454747,-0.48892665,1.6784213,0.27390578,0.30870935,1.558245,2.5817685,-0.6255369,-0.026042655,-0.51322037,2.2003477,-1.7279539,1.22669,2.3623981,1.8468736,1.9523308,-1.7982905
40927,CIFAR_10,2.1649199,-2.4104915,1.6963575,2.2343616,1.432092,0.39052647,0.567217,1.6483755,-1.7800767,0.28461272,1.9007752,-1.5191253,-0.80178624,1.5351484,-0.9226216,1.3309286,0.39191678,1.0019081,0.6759952,-0.6271614,1.4040501,2.6471288,-0.31362113,1.0991112,-0.048295096,1.3130348,-1.056829,-0.39374757,2.085149,2.8886,1.3982809,-2.2642646
40978,Internet-Advertisements,2.2702737,-1.591362,0.21307468,2.700988,0.5364957,2.0584931,-1.2082146,-1.5091836,-2.9520342,2.0446322,-1.0994575,-3.2597287,-0.70241106,0.3107106,-1.811168,1.2561876,-1.700586,3.102549,0.13584295,1.7972406,2.6437132,3.6990314,-1.1487019,-1.2839227,-1.5145901,4.0239453,-2.9458182,3.5159097,3.598381,1.5680566,3.4278,-2.0021398
40670,dna,1.8180983,-1.9319872,1.2217691,1.9442638,0.994191,0.5718273,0.2592283,0.91404897,-1.6689104,0.4859399,1.1208075,-1.543322,-0.6965374,1.0839332,-0.8880194,1.1168005,0.038628828,1.1283085,0.43890387,-0.22374046,1.300826,2.4105303,-0.4389197,0.5624195,-0.20067573,1.509221,-1.1665238,0.2076633,1.9732573,2.1976304,1.460347,-1.8386259
40701,churn,3.4216938,-2.5945153,0.35372198,3.5571685,1.7029114,2.2203362,-1.4410764,-0.7435576,-4.1716843,2.6408348,-0.0071952343,-3.2522495,-0.7983688,1.3043028,-2.2580733,1.5135615,-1.5022354,3.4824357,0.62001425,2.0829635,3.89902,4.7727556,-1.5014437,-0.43728036,-2.014527,4.5476913,-2.520736,3.2225337,4.4199705,2.6253352,4.0342298,-2.705378
